file	rc	duration_seconds	state	reason
test_quantized.py	1	1095	executed	completed
test_fast_sdpa.py	124	1800	stopped	timeout_1800s
test_bf16.py		0	not_run	not run after test_fast_sdpa.py timed out at 1800 seconds
test_fast.py		0	not_run	not run after test_fast_sdpa.py timed out at 1800 seconds
test_compile.py		0	not_run	not run after test_fast_sdpa.py timed out at 1800 seconds
test_eval.py		0	not_run	not run after test_fast_sdpa.py timed out at 1800 seconds
test_export_import.py		0	not_run	not run after test_fast_sdpa.py timed out at 1800 seconds
test_memory.py		0	not_run	not run after test_fast_sdpa.py timed out at 1800 seconds
test_threads.py		0	not_run	not run after test_fast_sdpa.py timed out at 1800 seconds
test_graph.py		0	not_run	not run after test_fast_sdpa.py timed out at 1800 seconds
test_constants.py		0	not_run	not run after test_fast_sdpa.py timed out at 1800 seconds
test_device.py		0	not_run	not run after test_fast_sdpa.py timed out at 1800 seconds
test_double.py		0	not_run	not run after test_fast_sdpa.py timed out at 1800 seconds
test_load.py		0	not_run	not run after test_fast_sdpa.py timed out at 1800 seconds
test_zero_copy.py		0	not_run	not run after test_fast_sdpa.py timed out at 1800 seconds
test_tree.py		0	not_run	not run after test_fast_sdpa.py timed out at 1800 seconds
