file,case,category,flag,first_error
arg_reduce_tests,test arg reduce small,b,,"vector::_M_range_check: __n (which is 0) >= this->size() (which is 0)"
arg_reduce_tests,test arg reduce irregular strides,b,,"vector::_M_range_check: __n (which is 0) >= this->size() (which is 0)"
array_tests,test array basics,a,masked,""[omarchy] Equal dtype is not implemented for the Omarchy Vulkan backend (dtype=bool, shape=[4]). No CPU fallback is available in "
array_tests,test array types,a,masked,""[omarchy] Equal dtype is not implemented for the Omarchy Vulkan backend (dtype=bool, shape=[3]). No CPU fallback is available in "
array_tests,test array metadata,a,,""
array_tests,test make array from user buffer,a,,"[omarchy] Add dtype is not implemented for the Omarchy Vulkan backend (dtype=int32, shape=[4096]). No CPU fallback is available in"
autograd_tests,test creation grads,a,,""[omarchy] non-zero scalar fill is not implemented for the Omarchy Vulkan backend (dtype=int32, shape=[4,4]). No CPU fallback is a"
autograd_tests,test op vjps,a,,""[omarchy] GreaterEqual dtype is not implemented for the Omarchy Vulkan backend (dtype=bool, shape=[]). No CPU fallback is availab"
autograd_tests,test gather and take grads,a,,""[omarchy] Scatter Sum dtype is not implemented for the Omarchy Vulkan backend (dtype=float32, shape=[16]). No CPU fallback is ava"
autograd_tests,test slice update jvp with one tangent,a,,""[omarchy] SliceUpdate reduce is not implemented for the Omarchy Vulkan backend (dtype=float32, shape=[4]). No CPU fallback is ava"
autograd_tests,test min and max vjp,a,,""[omarchy] Sum dtype is not implemented for the Omarchy Vulkan backend (dtype=int32, shape=[1,2]). No CPU fallback is available in"
autograd_tests,test as_strided grads,a,,""[omarchy] Scatter Sum dtype is not implemented for the Omarchy Vulkan backend (dtype=float32, shape=[11]). No CPU fallback is ava"
autograd_tests,test jvp from vjp,a,,""[omarchy] GreaterEqual dtype is not implemented for the Omarchy Vulkan backend (dtype=bool, shape=[5,10]). No CPU fallback is ava"
autograd_tests,test complex gradients,a,,""[omarchy] Add dtype is not implemented for the Omarchy Vulkan backend (dtype=complex64, shape=[]). No CPU fallback is available i"
autograd_tests,test scan grads,a,,""[omarchy] Select layout is not implemented for the Omarchy Vulkan backend (dtype=float32, shape=[4]). No CPU fallback is availabl"
autograd_tests,test grad dynamic slices,a,,""[omarchy] dynamic slice offset is not implemented for the Omarchy Vulkan backend (dtype=int32, shape=[1]). No CPU fallback is ava"
autograd_tests,test masked_scatter autograd,a,,""[omarchy] Select layout is not implemented for the Omarchy Vulkan backend (dtype=float32, shape=[1,4]). No CPU fallback is availa"
blas_tests,test matmul,a,,""[omarchy] non-zero scalar fill is not implemented for the Omarchy Vulkan backend (dtype=int32, shape=[2,4]). No CPU fallback is a"
compile_tests,test nested compile,a,,""[omarchy] Add dtype is not implemented for the Omarchy Vulkan backend (dtype=int32, shape=[]). No CPU fallback is available in Om"
compile_tests,test compile internal output,a,,""[omarchy] Square dtype is not implemented for the Omarchy Vulkan backend (dtype=int32, shape=[2]). No CPU fallback is available i"
compile_tests,test fusion types,a,,"[omarchy] Add dtype is not implemented for the Omarchy Vulkan backend (dtype=int32, shape=[2]). No CPU fallback is available in Om"
compile_tests,test shapeless compile,a,,""[omarchy] Add dtype is not implemented for the Omarchy Vulkan backend (dtype=int32, shape=[2]). No CPU fallback is available in O"
compile_tests,test compile lambda,a,,""[omarchy] Add dtype is not implemented for the Omarchy Vulkan backend (dtype=int32, shape=[]). No CPU fallback is available in Om"
compile_tests,test compile random bits,a,,""[omarchy] RandomBits width is not implemented for the Omarchy Vulkan backend (dtype=uint16, shape=[32,32]). No CPU fallback is av"
creations_tests,test full,a,,""[omarchy] Equal dtype is not implemented for the Omarchy Vulkan backend (dtype=bool, shape=[2]). No CPU fallback is available in "
eval_tests,test eval graph retention when not tracing,a,,"[omarchy] Add dtype is not implemented for the Omarchy Vulkan backend (dtype=int32, shape=[]). No CPU fallback is available in Oma"
export_import_tests,test export function with no inputs,c,,"vector::_M_range_check: __n (which is 0) >= this->size() (which is 0)"
export_import_tests,test export primitives with state,c,,""[omarchy] ArgPartition dtype is not implemented for the Omarchy Vulkan backend (dtype=uint32, shape=[4,2]). No CPU fallback is av"
export_import_tests,test export functions with kwargs,c,,""[omarchy] Add dtype is not implemented for the Omarchy Vulkan backend (dtype=int32, shape=[]). No CPU fallback is available in Om"
export_import_tests,test export function with variable inputs,c,,"vector::_M_range_check: __n (which is 0) >= this->size() (which is 0)"
export_import_tests,test export function on different stream,c,,"Abs has no CPU implementation."
fft_tests,test fft basics,c,,""[omarchy] dtype converting copy is not implemented for the Omarchy Vulkan backend (dtype=complex64, shape=[1]). No CPU fallback i"
fft_tests,test real ffts,c,,""[omarchy] FFT transform length 1 (power-of-two lengths 2 to 2048 are implemented; other lengths need Bluestein or mixed-radix sta"
fft_tests,test fftn,c,,""[omarchy] dtype converting copy is not implemented for the Omarchy Vulkan backend (dtype=complex64, shape=[2,2]). No CPU fallback"
fft_tests,test fft vmap,c,,""[omarchy] dtype converting copy is not implemented for the Omarchy Vulkan backend (dtype=complex64, shape=[2,4]). No CPU fallback"
fft_tests,test fft grads,c,,""[omarchy] dtype converting copy is not implemented for the Omarchy Vulkan backend (dtype=complex64, shape=[10]). No CPU fallback "
linalg_tests,[mlx.core.linalg.norm] no ord,c,,""[omarchy] Square dtype is not implemented for the Omarchy Vulkan backend (dtype=int32, shape=[3]). No CPU fallback is available i"
linalg_tests,[mlx.core.linalg.norm] double ord,c,,""[omarchy] Square dtype is not implemented for the Omarchy Vulkan backend (dtype=int32, shape=[3]). No CPU fallback is available i"
linalg_tests,[mlx.core.linalg.norm] string ord,c,,""vector::_M_range_check: __n (which is 0) >= this->size() (which is 0)""
linalg_tests,test QR factorization,c,,"vector::_M_range_check: __n (which is 0) >= this->size() (which is 0)"
linalg_tests,test SVD factorization,c,,"vector::_M_range_check: __n (which is 0) >= this->size() (which is 0)"
linalg_tests,test matrix inversion,c,,"vector::_M_range_check: __n (which is 0) >= this->size() (which is 0)"
linalg_tests,test matrix cholesky,c,,"vector::_M_range_check: __n (which is 0) >= this->size() (which is 0)"
linalg_tests,test matrix pseudo-inverse,c,,"vector::_M_range_check: __n (which is 0) >= this->size() (which is 0)"
linalg_tests,test cross product,c,,""[omarchy] Multiply dtype is not implemented for the Omarchy Vulkan backend (dtype=int32, shape=[1]). No CPU fallback is available"
linalg_tests,test matrix eigh,c,,"vector::_M_range_check: __n (which is 0) >= this->size() (which is 0)"
linalg_tests,test lu,c,,"vector::_M_range_check: __n (which is 0) >= this->size() (which is 0)"
linalg_tests,test solve,c,,"vector::_M_range_check: __n (which is 0) >= this->size() (which is 0)"
linalg_tests,test solve_triangluar,c,,"vector::_M_range_check: __n (which is 0) >= this->size() (which is 0)"
linalg_tests,test det,c,,"vector::_M_range_check: __n (which is 0) >= this->size() (which is 0)"
linalg_tests,test slogdet,c,,"vector::_M_range_check: __n (which is 0) >= this->size() (which is 0)"
load_tests,test gguf,a,,"[omarchy] dtype converting copy is not implemented for the Omarchy Vulkan backend (dtype=int8, shape=[5]). No CPU fallback is avai"
load_tests,test gguf metadata,a,masked,""[omarchy] Equal dtype is not implemented for the Omarchy Vulkan backend (dtype=bool, shape=[1]). No CPU fallback is available in "
load_tests,test single array serialization,a,,""[omarchy] And rank above 4 is not implemented for the Omarchy Vulkan backend (dtype=bool, shape=[1,1,1,1,1]). No CPU fallback is "
ops_tests,test slice,a,,"[omarchy] negative stride copy is not implemented for the Omarchy Vulkan backend (dtype=float32, shape=[8]). No CPU fallback is av"
ops_tests,test slice update,a,,""[omarchy] negative stride copy is not implemented for the Omarchy Vulkan backend (dtype=float32, shape=[8]). No CPU fallback is a"
ops_tests,test slice update add,a,,""[omarchy] SliceUpdate reduce is not implemented for the Omarchy Vulkan backend (dtype=float32, shape=[8]). No CPU fallback is ava"
ops_tests,test dynamic slice,a,,""[omarchy] dynamic slice offset is not implemented for the Omarchy Vulkan backend (dtype=int32, shape=[1]). No CPU fallback is ava"
ops_tests,test dynamic slice update,a,,""[omarchy] non-zero scalar fill is not implemented for the Omarchy Vulkan backend (dtype=int32, shape=[1,2]). No CPU fallback is a"
ops_tests,test flip,a,,""[omarchy] negative stride copy is not implemented for the Omarchy Vulkan backend (dtype=int32, shape=[4]). No CPU fallback is ava"
ops_tests,test comparison ops,d,,""[omarchy] GreaterEqual dtype is not implemented for the Omarchy Vulkan backend (dtype=bool, shape=[]). No CPU fallback is availab"
ops_tests,test is nan,a,,""[omarchy] multi-index Scatter is not implemented for the Omarchy Vulkan backend (dtype=float32, shape=[7,7]). No CPU fallback is "
ops_tests,test is inf,a,,""[omarchy] multi-index Scatter is not implemented for the Omarchy Vulkan backend (dtype=float32, shape=[7,7]). No CPU fallback is "
ops_tests,test is close,a,masked,""[omarchy] Equal dtype is not implemented for the Omarchy Vulkan backend (dtype=bool, shape=[2]). No CPU fallback is available in "
ops_tests,test reduction ops,d,,""[omarchy] Sum dtype is not implemented for the Omarchy Vulkan backend (dtype=int32, shape=[1]). No CPU fallback is available in O"
ops_tests,test arithmetic unary ops,d,,""[omarchy] dtype converting copy is not implemented for the Omarchy Vulkan backend (dtype=bool, shape=[]). No CPU fallback is avai"
ops_tests,test arithmetic binary ops,a,,""[omarchy] Multiply dtype is not implemented for the Omarchy Vulkan backend (dtype=int32, shape=[3]). No CPU fallback is available"
ops_tests,test gather,a,,""[omarchy] matrix layout Take is not implemented for the Omarchy Vulkan backend (dtype=int32, shape=[10,1]). No CPU fallback is av"
ops_tests,test take,d,,""[omarchy] matrix layout Take is not implemented for the Omarchy Vulkan backend (dtype=int32, shape=[1,1,4,8]). No CPU fallback is"
ops_tests,test gather contiguity,b,,"vector::_M_range_check: __n (which is 0) >= this->size() (which is 0)"
ops_tests,test take along axis,a,,""[omarchy] indexed Take layout is not implemented for the Omarchy Vulkan backend (dtype=int32, shape=[1,2]). No CPU fallback is av"
ops_tests,test scatter,a,,""[omarchy] Scatter Sum dtype is not implemented for the Omarchy Vulkan backend (dtype=float32, shape=[4]). No CPU fallback is avai"
ops_tests,test masked_scatter,a,,""[omarchy] MaskedScatter mask layout is not implemented for the Omarchy Vulkan backend (dtype=int32, shape=[1,2,2]). No CPU fallba"
ops_tests,test is positive infinity,a,,""[omarchy] multi-index Scatter is not implemented for the Omarchy Vulkan backend (dtype=float32, shape=[7,7]). No CPU fallback is "
ops_tests,test is negative infinity,a,,""[omarchy] multi-index Scatter is not implemented for the Omarchy Vulkan backend (dtype=float32, shape=[7,7]). No CPU fallback is "
ops_tests,test scatter types,a,,""[omarchy] non-zero scalar fill is not implemented for the Omarchy Vulkan backend (dtype=bool, shape=[4,1,1]). No CPU fallback is "
ops_tests,test complex ops,a,,""[omarchy] non-zero scalar fill is not implemented for the Omarchy Vulkan backend (dtype=complex64, shape=[2,2]). No CPU fallback "
ops_tests,test as_strided op,a,,""[omarchy] Equal index span is not implemented for the Omarchy Vulkan backend (dtype=bool, shape=[10]). No CPU fallback is availab"
ops_tests,test pad,a,,""[omarchy] negative stride copy is not implemented for the Omarchy Vulkan backend (dtype=float32, shape=[2]). No CPU fallback is a"
ops_tests,test power,a,,""[omarchy] Power dtype is not implemented for the Omarchy Vulkan backend (dtype=bool, shape=[]). No CPU fallback is available in O"
ops_tests,test where,a,,""[omarchy] Select dtype is not implemented for the Omarchy Vulkan backend (dtype=int32, shape=[2,2]). No CPU fallback is available"
ops_tests,test full_like,d,,""[omarchy] dtype converting copy is not implemented for the Omarchy Vulkan backend (dtype=int16, shape=[3]). No CPU fallback is av"
ops_tests,test eye,a,,""[omarchy] multi-index Scatter is not implemented for the Omarchy Vulkan backend (dtype=float32, shape=[3,3]). No CPU fallback is "
ops_tests,test triu,a,,""[omarchy] Select layout is not implemented for the Omarchy Vulkan backend (dtype=float32, shape=[4,4]). No CPU fallback is availa"
ops_tests,test identity,a,,""[omarchy] multi-index Scatter is not implemented for the Omarchy Vulkan backend (dtype=float32, shape=[4,4]). No CPU fallback is "
ops_tests,test eye with positive k offset,a,,""[omarchy] multi-index Scatter is not implemented for the Omarchy Vulkan backend (dtype=float32, shape=[3,4]). No CPU fallback is "
ops_tests,test eye with negative k offset,a,,""[omarchy] multi-index Scatter is not implemented for the Omarchy Vulkan backend (dtype=float32, shape=[4,3]). No CPU fallback is "
ops_tests,test quantize dequantize,a,,"[omarchy] Quantize direction is not implemented for the Omarchy Vulkan backend (dtype=uint32, shape=[128,32]). No CPU fallback is "
ops_tests,inner,a,,""[omarchy] multi-index Scatter is not implemented for the Omarchy Vulkan backend (dtype=float32, shape=[2,2]). No CPU fallback is "
ops_tests,test diagonal,a,,""[omarchy] non-axis-0 Take is not implemented for the Omarchy Vulkan backend (dtype=int32, shape=[2,1,1]). No CPU fallback is avai"
ops_tests,test diag,a,,""[omarchy] Arange dtype is not implemented for the Omarchy Vulkan backend (dtype=uint32, shape=[4]). No CPU fallback is available "
ops_tests,test topk,a,,""[omarchy] Partition dtype is not implemented for the Omarchy Vulkan backend (dtype=int32, shape=[2,5]). No CPU fallback is availa"
ops_tests,test conv1d,a,,""[omarchy] non-2D Convolution is not implemented for the Omarchy Vulkan backend (dtype=float16, shape=[1,3,4]). No CPU fallback is"
ops_tests,test conv2d,a,,""[omarchy] grouped Convolution is not implemented for the Omarchy Vulkan backend (dtype=float32, shape=[1,1,1,4]). No CPU fallback"
ops_tests,test trace,a,,"[omarchy] multi-index Scatter is not implemented for the Omarchy Vulkan backend (dtype=float32, shape=[3,3]). No CPU fallback is a"
ops_tests,test bitwise shift operations,a,,""[omarchy] non-zero scalar fill is not implemented for the Omarchy Vulkan backend (dtype=int8, shape=[4]). No CPU fallback is avai"
ops_tests,test conv_transpose1d with output_padding,a,,""[omarchy] non-2D Convolution is not implemented for the Omarchy Vulkan backend (dtype=float32, shape=[1,2,1]). No CPU fallback is"
ops_tests,test conv_transpose2d with output_padding,a,,""[omarchy] transposed Convolution is not implemented for the Omarchy Vulkan backend (dtype=float32, shape=[1,2,4,2]). No CPU fallb"
ops_tests,test conv_transpose3d with output_padding,a,,""[omarchy] non-2D Convolution is not implemented for the Omarchy Vulkan backend (dtype=float32, shape=[1,2,4,4,1]). No CPU fallbac"
ops_tests,test max min with nan,d,,""
random_tests,test random key,a,,""[omarchy] dtype converting copy is not implemented for the Omarchy Vulkan backend (dtype=int64, shape=[2]). No CPU fallback is av"
random_tests,test random split,a,masked,""[omarchy] Equal dtype is not implemented for the Omarchy Vulkan backend (dtype=bool, shape=[2]). No CPU fallback is available in "
random_tests,test random bits,a,,""[omarchy] RandomBits width is not implemented for the Omarchy Vulkan backend (dtype=uint16, shape=[]). No CPU fallback is availab"
random_tests,test random uniform,a,,""[omarchy] GreaterEqual dtype is not implemented for the Omarchy Vulkan backend (dtype=bool, shape=[100]). No CPU fallback is avai"
random_tests,test random multivariate_normal,b,,"vector::_M_range_check: __n (which is 0) >= this->size() (which is 0)"
random_tests,test random randint,a,,""[omarchy] Minimum dtype is not implemented for the Omarchy Vulkan backend (dtype=int32, shape=[1000,1000]). No CPU fallback is av"
random_tests,test categorical,a,,""[omarchy] non-suffix ArgMax is not implemented for the Omarchy Vulkan backend (dtype=uint32, shape=[5,1,20]). No CPU fallback is "
random_tests,test laplace,a,,"[omarchy] GreaterEqual dtype is not implemented for the Omarchy Vulkan backend (dtype=bool, shape=[1000000]). No CPU fallback is a"
scheduler_tests,test stream management,b,,"vector::_M_range_check: __n (which is 0) >= this->size() (which is 0)"
scheduler_tests,test get streams,b,,"vector::_M_range_check: __n (which is 0) >= this->size() (which is 0)"
scheduler_tests,test asynchronous launch,b,,"vector::_M_range_check: __n (which is 0) >= this->size() (which is 0)"
scheduler_tests,test stream placement,b,,"vector::_M_range_check: __n (which is 0) >= this->size() (which is 0)"
vmap_tests,test simple vmap,a,,""[omarchy] Select layout is not implemented for the Omarchy Vulkan backend (dtype=float32, shape=[2,2,3]). No CPU fallback is avai"
vmap_tests,test vmap comparison ops,a,masked,""[omarchy] Equal dtype is not implemented for the Omarchy Vulkan backend (dtype=bool, shape=[2,3]). No CPU fallback is available i"
vmap_tests,test vmap scatter,a,,""[omarchy] multi-index Scatter is not implemented for the Omarchy Vulkan backend (dtype=float32, shape=[2,3,4]). No CPU fallback i"
vmap_tests,test vmap SVD,b,,"vector::_M_range_check: __n (which is 0) >= this->size() (which is 0)"
vmap_tests,test vmap dynamic slices,a,,""[omarchy] dynamic slice offset is not implemented for the Omarchy Vulkan backend (dtype=int32, shape=[1]). No CPU fallback is ava"
vmap_tests,test vmap floor_divide integer,a,,""[omarchy] Divide dtype is not implemented for the Omarchy Vulkan backend (dtype=int32, shape=[25]). No CPU fallback is available "
